chat_history,question,answer,output
[],What documents do I need to bring to renew my driver's license?,"To renew your driver's license, you need to bring one proof of identity and two proofs of residency.",
[],How long does it take to get a new driver's license?,The context does not provide a specific answer to this question.,
[],Can I schedule an appointment for my DMV visit?,"Yes, you can schedule an appointment for your DMV visit. You can make an appointment by calling 1-800-777-0133.",
[],Can I take a driving test without an appointment?,"No, you cannot take a driving test without an appointment. You may make an appointment by calling 1-800-777-0133. Online appointments are not available for this type of driving test. ",
[],What is the fee for a driver's license renewal?,The fee for a driver's license renewal is $48. ,
[],Can I renew my registration online?,"Yes, you can renew your vehicle registration online. ",
[],How do I transfer a vehicle title?,"To transfer a vehicle title in California, you must complete the process within 10 days of buying the vehicle and submit the necessary paperwork to the DMV",
[],What is the process for getting a handicap placard?,"To get a handicap placard, you need to apply for one through your state’s Department of Motor Vehicles (DMV). Each state has its own forms and criteria for handicapped parking permits. You can get a handicapped parking application from the DMV office or online1. After completing and signing the form, you need to ask your health-care provider to fill out and sign the portion that certifies disability. Then, you can submit the application by mail or in person",
[],How do I get a commercial driver's license?,The given context does not provide any information about how to get a commercial driver's license. It only provides information about the requirements and examinations for obtaining a noncommercial Class A license in California.,
[],Can I renew my vehicle registration without a smog check?,"No, all vehicles registered in California are required to meet California requirements including vehicle emission controls in support of California’s clean air standards. DMV cannot register a vehicle if it does not qualify.",
[],What is the process for getting a REAL ID?,"To get a REAL ID, one needs to bring the following documentation to their DMV office visit: 1) Identity/birth document, 2) Social Security number document, and 3) California Residency document(s) (two different documents). If the name on the identity document is different from the current legal name, a name change document(s) is also required. One can start their application online, upload the required documents, make a DMV appointment, and bring the confirmation code and original documents to the appointment.",
[],Can I change my address on my driver's license online?,"Yes, you can change your address on your driver's license online by submitting a change of address online at dmv.ca.gov/addresschange ",
[],How do I get a duplicate registration card?,"To get a duplicate registration card, you can use the DMV kiosks available at various locations such as grocery stores, DMV offices, and auto clubs. These kiosks allow you to complete your vehicle registration renewal, receive a replacement registration card or sticker, and submit proof of insurance, among other transactions ",
[],Can I order personalized license plates?,"Yes, you can order personalized license plates. ",
[],How do I apply for a driver's permit?,"To apply for a driver's permit, you need to follow these steps:
1. Complete a Driver's License & ID Card Application.
2. Provide the necessary documents, including proof of identity, two proofs of residency, a legal full name document (if the name on your identity document and application do not match), and your social security number (exceptions may apply).
3. Pay a non-refundable application fee.
4. Pass the knowledge test(s).
5. Pass a vision test.
",
[],Can I take a motorcycle riding test at the DMV?,"Yes, you can take a motorcycle riding test at the DMV (Department of Motor Vehicles) to obtain a motorcycle only (Class M1/M2) license. Basic vehicle control skills are included in the motorcycle skills test to determine your ability to maneuver in normal traffic situations. The skills test may be waived for a person presenting a valid DL 389; however, you may be required to perform an observation test.",
[],How do I get a non-driver identification card?,"To get a non-driver identification card, you must provide your identity document, residency documents, and social security number. You can complete an ID card application and get information on current acceptable documents and reduced-fee, no-fee, or senior ID cards by visiting dmv.ca.gov/id-cards",
[],What is the process for surrendering my license plates?,The provided context does not contain information about the process for surrendering license plates.,
[],Can I pay my fees with a credit card?,"Yes, it is possible to pay fees with a credit card. However, the source does not specify whether DMV kiosks accept credit cards as a form of payment. It is recommended to check with the specific DMV office or kiosk to confirm their accepted forms of payment. ",
[],How do I report a lost or stolen driver's license?,Information about reporting a lost or stolen driver's license is not provided in the given context.,
